,0
Prev_Franchise_MaxSales,0.35572472085546974
Prev_Franchise_TitleCount,0.2810521849690419
Pub_Prev3Y_AvgSales,0.07541366449824698
Platform_Prev3Y_AvgSales,0.042398258569232926
Years_Since_Platform_Launch,0.030334113332352253
Platform_Manufacturer,0.021183320783844845
Num_Platforms,0.017308269207338894
SameGenre_Releases_PrevYear,0.010482461003703314
Genre,0.005812773044516624
Is_Sequel,0.005316958971746851
PubGenre_Specialization,0.003766394260917479
Genre_Prev3Y_Count,0.0032443181282454012
Platform_Lifecycle_Stage,0.00282618038850709
Year,0.0
Publisher_Tier,-0.0008767598914882768
ConsoleGen,-0.0027430080609354888
Is_Multiplatform,-0.003655731648837257
Genre_Trend_Momentum,-0.00378452097335343
Pub_Prev3Y_Count,-0.004092610684529226
Platform_Prev3Y_Count,-0.00915932849490512
Publisher_MarketShare_Prev3Y,-0.0105290064196674
Genre_Prev3Y_AvgSales,-0.012610052107869252
Genre_vs_Market_Avg,-0.015242869340752327
Platform,-0.019815906278505085
GenrePlatform_Fit,-0.023407685931219186
